episode,total_reward,steps,truncated
1,-45.5181,60,1
2,-36.1256,60,1
3,-27.5335,60,1
4,-57.7823,60,1
5,-54.4019,60,1
6,-51.2788,60,1
7,-32.6544,60,1
8,-47.2598,60,1
9,-39.3641,60,1
10,-38.2715,60,1
11,-53.4239,60,1
12,-32.0979,60,1
13,-20.0659,60,1
14,-32.9294,60,1
15,-24.8045,60,1
16,-49.1487,60,1
17,-39.4111,60,1
18,-42.2303,60,1
19,-50.5548,60,1
20,-44.3083,60,1
21,-36.7506,60,1
22,-46.3123,60,1
23,-25.9892,60,1
24,-33.4999,60,1
25,-20.5865,60,1
26,-15.1076,60,1
27,-33.5482,60,1
28,-12.0049,60,1
29,-15.1292,60,1
30,-38.6491,60,1
31,-42.3272,60,1
32,-8.7632,60,1
33,-26.2101,60,1
34,-15.5378,60,1
35,-10.8715,60,1
36,-13.9749,60,1
37,-22.0666,60,1
38,-30.5793,60,1
39,-15.6407,60,1
40,-16.3448,60,1
41,-11.8219,60,1
42,-18.7472,60,1
43,-32.3977,60,1
44,-19.6697,60,1
45,-22.8659,60,1
46,-15.6430,60,1
47,-19.5388,60,1
48,-15.5355,60,1
49,-16.3993,60,1
50,-17.3659,60,1
